RF,Expected_Value_1,Expected_Value_2,Expected_Value_3
0.045,0.13121752367664896,0.14661490991676712,0.16698439519956082
