Underlying,Strike,IV,TTM,RF,DivRate
115.71932837630006,140.63360400768758,0.21,141,0.045,0.04863098708677434
