Asset1,Asset2,Asset3
0.024130482857594025,0.015357540301784035,0.018436076624980466
0.015357540301784035,0.03351890289860472,0.0217285325021854
0.018436076624980466,0.0217285325021854,0.04830404241136403
