weight1,weight2,weight3
0.28134192949228604,0.23048693261479428,0.4881711378929196
